rootDomain,tag,domain,animation_url,image_url,description,,Moto Name,Top Chassis_attr,Wheel_attr,Wheel Fairing_attr,Wind Shield_attr,Speedometer_attr,Bottom Fairing_attr,Chain Cap_attr,Exhaust Pipe_attr,Head Light_attr,Side Fairing_attr,Side Cart_attr,Pattern_attr,Color_attr,Model R G B_attr,Number Plate_attr,ID
wilder.moto.test.test,1,wilder.moto.test.test.1,No link specified,No link specified,Test render to test the infrustructure,0,Moto,Cruiser ,T1A/Dirt,T1B/Type1,None/Type1,T2B/Type1,T1A/Type1,T1A/Type1,T1A/Type1,T1A/Type1,None/Type1,Side Cart,Diamond ,Hypnosis,3,WM-613,EE06BM8WU721I
wilder.moto.test.test,2,wilder.moto.test.test.2,No link specified,No link specified,Test render to test the infrustructure,1,Moto,Cruiser ,T1A/Dirt,T1B/Type1,None/Type1,T2B/Type1,T1B/Type2,T1A/Type1,T1A/Type1,T1A/Type1,None/Type1,Side Cart,Static,Paradise,2,WW-951,1UTK9D9KRFM6M
wilder.moto.test.test,3,wilder.moto.test.test.3,No link specified,No link specified,Test render to test the infrustructure,2,Moto,Cruiser ,T1A/Dirt,T1B/Type1,None/Type1,T2B/Type1,T1B/Type2,T1A/Type1,T1A/Type1,T1A/Type1,T1B/Type2,Side Cart,Static,Hypnosis,0,MT-293,B3OQFFMF7FVAC
wilder.moto.test.test,4,wilder.moto.test.test.4,No link specified,No link specified,Test render to test the infrustructure,3,Moto,Cruiser ,T1A/Dirt,T1C/Type2,None/Type1,T2B/Type1,T1C/Type3,T1A/Type1,T1A/Type1,T1A/Type1,None/Type1,Side Cart,Static,Hypnosis,2,MM-758,QFO6DSPUEEC5L
wilder.moto.test.test,5,wilder.moto.test.test.5,No link specified,No link specified,Test render to test the infrustructure,4,Moto,Cruiser ,T1A/Dirt,T2A/Type3,None/Type1,T2B/Type1,T1A/Type1,T1A/Type1,T1A/Type1,T1A/Type1,None/Type1,Side Cart,Static,Hypnosis,0,MM-647,PDH0C0FHGKP8O
wilder.moto.test.test,6,wilder.moto.test.test.6,No link specified,No link specified,Test render to test the infrustructure,5,Moto,Cruiser ,T1A/Dirt,T1C/Type2,None/Type1,T2B/Type1,T1A/Type1,T1A/Type1,T1B/Type2,T1A/Type1,None/Type1,Side Cart,Static,Hypnosis,0,MM-175,KQLEE1B0R65BR
wilder.moto.test.test,7,wilder.moto.test.test.7,No link specified,No link specified,Test render to test the infrustructure,6,Moto,Cruiser ,T1C/Paddle,T1B/Type1,None/Type1,T2B/Type1,T2B/Type5,T1A/Type1,T1A/Type1,T1A/Type1,None/Type1,Side Cart,Static,Hypnosis,1,VR-816,TZWQEH4G3KHR1
wilder.moto.test.test,8,wilder.moto.test.test.8,No link specified,No link specified,Test render to test the infrustructure,7,Moto,Cruiser ,T1A/Dirt,T1B/Type1,None/Type1,T2B/Type1,T2A/Type4,T1A/Type1,T1B/Type2,T1A/Type1,None/Type1,Side Cart,Static,Hypnosis,0,VR-401,GRK5QQO54NZUS
wilder.moto.test.test,9,wilder.moto.test.test.9,No link specified,No link specified,Test render to test the infrustructure,8,Moto,Cruiser ,T1B/Street,T1C/Type2,None/Type1,T2B/Type1,T1A/Type1,T1A/Type1,T1B/Type2,T1A/Type1,None/Type1,Side Cart,Static,Hypnosis,2,WM-449,N3WRVFRXKQ021
wilder.moto.test.test,10,wilder.moto.test.test.10,No link specified,No link specified,Test render to test the infrustructure,9,Moto,Cruiser ,T1A/Dirt,T1C/Type2,None/Type1,T2B/Type1,T1B/Type2,T1A/Type1,T1A/Type1,T1A/Type1,None/Type1,Side Cart,Static,Paradise,1,WM-565,RKI7ZUWHZ10YM
wilder.moto.test.test,11,wilder.moto.test.test.11,No link specified,No link specified,Test render to test the infrustructure,10,Moto,Cruiser ,T1A/Dirt,T1B/Type1,None/Type1,T2B/Type1,T1A/Type1,T1A/Type1,T1A/Type1,T1A/Type1,T1B/Type2,Side Cart,Static,Paradise,0,VR-977,6LNTYSPTN2ID9
wilder.moto.test.test,12,wilder.moto.test.test.12,No link specified,No link specified,Test render to test the infrustructure,11,Moto,Cruiser ,T1A/Dirt,T1B/Type1,None/Type1,T2B/Type1,T1A/Type1,T1A/Type1,T1A/Type1,T1A/Type1,T1B/Type2,Side Cart,Diamond ,Hypnosis,1,MT-154,H17C5TXRDR7ZT
wilder.moto.test.test,13,wilder.moto.test.test.13,No link specified,No link specified,Test render to test the infrustructure,12,Moto,Cruiser ,T1B/Street,T1B/Type1,None/Type1,T2B/Type1,T1A/Type1,T1A/Type1,T1A/Type1,T1A/Type1,None/Type1,Side Cart,Diamond ,Paradise,0,WW-924,53KA9R538I3FD
wilder.moto.test.test,14,wilder.moto.test.test.14,No link specified,No link specified,Test render to test the infrustructure,13,Moto,Cruiser ,T1B/Street,T1B/Type1,T2A/Type2,T2B/Type1,T1B/Type2,T1A/Type1,T1A/Type1,T1B/Type2,None/Type1,Side Cart,Static,Paradise,2,ZZ-923,JEQWM69IM1G3H
wilder.moto.test.test,15,wilder.moto.test.test.15,No link specified,No link specified,Test render to test the infrustructure,14,Moto,Cruiser ,T1B/Street,T1B/Type1,None/Type1,T2B/Type1,T2A/Type4,T1A/Type1,T1A/Type1,T1A/Type1,None/Type1,Side Cart,Static,Paradise,2,MM-475,1923NQURZ3OPX
wilder.moto.test.test,16,wilder.moto.test.test.16,No link specified,No link specified,Test render to test the infrustructure,15,Moto,Cruiser ,T1A/Dirt,T1B/Type1,None/Type1,T2B/Type1,T1A/Type1,T1A/Type1,T1A/Type1,T1A/Type1,T1B/Type2,Side Cart,Beam,Hypnosis,0,VR-827,G9UXOAZIVW2R6
wilder.moto.test.test,17,wilder.moto.test.test.17,No link specified,No link specified,Test render to test the infrustructure,16,Moto,Cruiser ,T1C/Paddle,T1B/Type1,None/Type1,T2B/Type1,T1A/Type1,T1A/Type1,T1B/Type2,T1A/Type1,None/Type1,Side Cart,Static,Paradise,3,VR-399,71X497JD2H0TC
wilder.moto.test.test,18,wilder.moto.test.test.18,No link specified,No link specified,Test render to test the infrustructure,17,Moto,Cruiser ,T1C/Paddle,T1B/Type1,None/Type1,T2B/Type1,T1A/Type1,T1A/Type1,T1A/Type1,T1A/Type1,None/Type1,Side Cart,Diamond ,Paradise,2,ZS-852,L5B8NXIDDT8KK
wilder.moto.test.test,19,wilder.moto.test.test.19,No link specified,No link specified,Test render to test the infrustructure,18,Moto,Cruiser ,T1A/Dirt,T1B/Type1,None/Type1,T2B/Type1,T1A/Type1,T1A/Type1,T1B/Type2,T1A/Type1,None/Type1,Side Cart,Vibration ,Hypnosis,1,MT-660,8HHVEV391KBP5
wilder.moto.test.test,20,wilder.moto.test.test.20,No link specified,No link specified,Test render to test the infrustructure,19,Moto,Cruiser ,T1A/Dirt,T1C/Type2,None/Type1,T2B/Type1,T1A/Type1,T1A/Type1,T1A/Type1,T1A/Type1,None/Type1,Side Cart,Level Up,Hypnosis,1,WW-313,6CS1U4AHJVJ8K
wilder.moto.test.test,21,wilder.moto.test.test.21,No link specified,No link specified,Test render to test the infrustructure,20,Moto,Cruiser ,T1C/Paddle,T1B/Type1,None/Type1,T2B/Type1,T1A/Type1,T1A/Type1,T1A/Type1,T1A/Type1,T1B/Type2,Side Cart,Static,Paradise,0,WM-989,ZVSMRCHUOQ6XI
wilder.moto.test.test,22,wilder.moto.test.test.22,No link specified,No link specified,Test render to test the infrustructure,21,Moto,Cruiser ,T1A/Dirt,T1B/Type1,None/Type1,T2B/Type1,T1C/Type3,T1A/Type1,T1A/Type1,T1A/Type1,None/Type1,Side Cart,Diamond ,Paradise,0,MT-973,FTFFU5KYHXQ7N
wilder.moto.test.test,23,wilder.moto.test.test.23,No link specified,No link specified,Test render to test the infrustructure,22,Moto,Cruiser ,T1A/Dirt,T1B/Type1,None/Type1,T2B/Type1,T1B/Type2,T1A/Type1,T1A/Type1,T1B/Type2,None/Type1,Side Cart,5D,Hypnosis,0,MT-702,C45TIA7PJII3A
wilder.moto.test.test,24,wilder.moto.test.test.24,No link specified,No link specified,Test render to test the infrustructure,23,Moto,Cruiser ,T1B/Street,T1C/Type2,None/Type1,T2B/Type1,T1A/Type1,T1A/Type1,T1A/Type1,T1B/Type2,None/Type1,Side Cart,Static,Paradise,3,MT-970,MBQNUPJ57CM8X
wilder.moto.test.test,25,wilder.moto.test.test.25,No link specified,No link specified,Test render to test the infrustructure,24,Moto,Cruiser ,T1B/Street,T1C/Type2,None/Type1,T2B/Type1,T1A/Type1,T1A/Type1,T1A/Type1,T1A/Type1,None/Type1,Side Cart,5D,Hypnosis,1,MM-930,7ZKJIRBXKV2CQ
wilder.moto.test.test,26,wilder.moto.test.test.26,No link specified,No link specified,Test render to test the infrustructure,25,Moto,Cruiser ,T1B/Street,T1C/Type2,None/Type1,T2B/Type1,T1C/Type3,T1A/Type1,T1A/Type1,T1A/Type1,None/Type1,Side Cart,Diamond ,Hypnosis,1,WW-706,IWZCGUR3VFQL1
wilder.moto.test.test,27,wilder.moto.test.test.27,No link specified,No link specified,Test render to test the infrustructure,26,Moto,Cruiser ,T1A/Dirt,T1B/Type1,None/Type1,T2B/Type1,T1A/Type1,T1A/Type1,T1A/Type1,T1B/Type2,T1B/Type2,Side Cart,Diamond ,Hypnosis,2,MM-272,KUMDJARQTJ95L
wilder.moto.test.test,28,wilder.moto.test.test.28,No link specified,No link specified,Test render to test the infrustructure,27,Moto,Cruiser ,T1A/Dirt,T1B/Type1,None/Type1,T2B/Type1,T1A/Type1,T1A/Type1,T1A/Type1,T1C/Type3,None/Type1,Side Cart,Beam,Hypnosis,2,MT-356,W78SOR309QZ1W
wilder.moto.test.test,29,wilder.moto.test.test.29,No link specified,No link specified,Test render to test the infrustructure,28,Moto,Cruiser ,T1B/Street,T1B/Type1,None/Type1,T2B/Type1,T1B/Type2,T1A/Type1,T1A/Type1,T1A/Type1,None/Type1,Side Cart,Beam,Paradise,2,ZZ-667,U54XIF6UHTCSW
wilder.moto.test.test,30,wilder.moto.test.test.30,No link specified,No link specified,Test render to test the infrustructure,29,Moto,Cruiser ,T1A/Dirt,T1B/Type1,T2A/Type2,T2B/Type1,T1B/Type2,T1A/Type1,T1B/Type2,T1B/Type2,None/Type1,Side Cart,Diamond ,Hypnosis,0,WW-115,BNY5EV9VCPWQC
wilder.moto.test.test,31,wilder.moto.test.test.31,No link specified,No link specified,Test render to test the infrustructure,30,Moto,Cruiser ,T1C/Paddle,T1C/Type2,None/Type1,T2B/Type1,T1C/Type3,T1A/Type1,T1A/Type1,T1A/Type1,None/Type1,None,Diamond ,Hypnosis,2,ZS-724,JKQJPLNY2Y4UE
wilder.moto.test.test,32,wilder.moto.test.test.32,No link specified,No link specified,Test render to test the infrustructure,31,Moto,Cruiser ,T1A/Dirt,T1C/Type2,None/Type1,T2B/Type1,T1C/Type3,T1A/Type1,T1A/Type1,T1C/Type3,None/Type1,None,Static,Hypnosis,2,ZZ-963,MNJ5HKUO259TT
wilder.moto.test.test,33,wilder.moto.test.test.33,No link specified,No link specified,Test render to test the infrustructure,32,Moto,Cruiser ,T1A/Dirt,T1B/Type1,None/Type1,T2B/Type1,T2A/Type4,T1A/Type1,T1B/Type2,T1A/Type1,None/Type1,None,Diamond ,Hypnosis,1,MM-682,JO2RL72H2EP8E
wilder.moto.test.test,34,wilder.moto.test.test.34,No link specified,No link specified,Test render to test the infrustructure,33,Moto,Cruiser ,T1B/Street,T1C/Type2,None/Type1,T2B/Type1,T1B/Type2,T1A/Type1,T1B/Type2,T1B/Type2,None/Type1,None,Static,Hypnosis,0,MM-165,4544ATDBU3YQM
wilder.moto.test.test,35,wilder.moto.test.test.35,No link specified,No link specified,Test render to test the infrustructure,34,Moto,Cruiser ,T1C/Paddle,T2A/Type3,T2A/Type2,T2B/Type1,T1B/Type2,T1A/Type1,T1A/Type1,T1B/Type2,None/Type1,None,Static,Hypnosis,3,VR-509,9NLKE2P0L82NZ
wilder.moto.test.test,36,wilder.moto.test.test.36,No link specified,No link specified,Test render to test the infrustructure,35,Moto,Cruiser ,T1A/Dirt,T1B/Type1,None/Type1,T2B/Type1,T1A/Type1,T1A/Type1,T1A/Type1,T1C/Type3,None/Type1,None,Vibration ,Hypnosis,1,MM-965,HNTY02RYUMU1F
wilder.moto.test.test,37,wilder.moto.test.test.37,No link specified,No link specified,Test render to test the infrustructure,36,Moto,Cruiser ,T1C/Paddle,T1C/Type2,None/Type1,T2B/Type1,T1A/Type1,T1A/Type1,T1A/Type1,T1A/Type1,None/Type1,None,Level Up,Hypnosis,3,WM-395,VZT96S18S4VHY
wilder.moto.test.test,38,wilder.moto.test.test.38,No link specified,No link specified,Test render to test the infrustructure,37,Moto,Cruiser ,T1C/Paddle,T1B/Type1,T2A/Type2,T2B/Type1,T1A/Type1,T1A/Type1,T1A/Type1,T1B/Type2,None/Type1,None,Diamond ,Paradise,3,ZZ-745,D1NHLVI7L0H6D
wilder.moto.test.test,39,wilder.moto.test.test.39,No link specified,No link specified,Test render to test the infrustructure,38,Moto,Cruiser ,T1A/Dirt,T1B/Type1,None/Type1,T2B/Type1,T1B/Type2,T1A/Type1,T1A/Type1,T1A/Type1,None/Type1,None,Distortion,Paradise,3,ZS-305,KSHA4RS4M0RQP
wilder.moto.test.test,40,wilder.moto.test.test.40,No link specified,No link specified,Test render to test the infrustructure,39,Moto,Cruiser ,T1B/Street,T1C/Type2,None/Type1,T2B/Type1,T1A/Type1,T1A/Type1,T1A/Type1,T1A/Type1,T1B/Type2,None,Diamond ,Hypnosis,3,MT-123,TD8QB1MD5690H
wilder.moto.test.test,41,wilder.moto.test.test.41,No link specified,No link specified,Test render to test the infrustructure,40,Moto,Cruiser ,T1A/Dirt,T1B/Type1,None/Type1,T2B/Type1,T1A/Type1,T1A/Type1,T1A/Type1,T1C/Type3,None/Type1,None,5D,Hypnosis,3,WW-711,3DG1CDIW7C4TZ
wilder.moto.test.test,42,wilder.moto.test.test.42,No link specified,No link specified,Test render to test the infrustructure,41,Moto,Cruiser ,T1A/Dirt,T2A/Type3,None/Type1,T2B/Type1,T1A/Type1,T1A/Type1,T1A/Type1,T1B/Type2,None/Type1,None,Diamond ,Hypnosis,2,WM-801,1C6R0BOLS7VYY
wilder.moto.test.test,43,wilder.moto.test.test.43,No link specified,No link specified,Test render to test the infrustructure,42,Moto,Cruiser ,T1A/Dirt,T1B/Type1,None/Type1,T2B/Type1,T1C/Type3,T1A/Type1,T1A/Type1,T1B/Type2,None/Type1,None,Distortion,Hypnosis,2,WW-349,YFQPOL8L44VHZ
wilder.moto.test.test,44,wilder.moto.test.test.44,No link specified,No link specified,Test render to test the infrustructure,43,Moto,Cruiser ,T1C/Paddle,T1B/Type1,None/Type1,T2B/Type1,T1B/Type2,T1A/Type1,T1B/Type2,T1C/Type3,None/Type1,None,Static,Hypnosis,2,VR-916,WK5BG2LH7UEYN
wilder.moto.test.test,45,wilder.moto.test.test.45,No link specified,No link specified,Test render to test the infrustructure,44,Moto,Cruiser ,T1B/Street,T1B/Type1,None/Type1,T2B/Type1,T1C/Type3,T1A/Type1,T1A/Type1,T2A/Type4,None/Type1,None,Static,Hypnosis,0,VR-871,3C7ENHHMN9QNN
wilder.moto.test.test,46,wilder.moto.test.test.46,No link specified,No link specified,Test render to test the infrustructure,45,Moto,Cruiser ,T1A/Dirt,T1B/Type1,None/Type1,T2B/Type1,T1A/Type1,T1A/Type1,T1A/Type1,T2A/Type4,None/Type1,None,Diamond ,Hypnosis,2,WW-954,8B3Q2SZ6DYAYL
wilder.moto.test.test,47,wilder.moto.test.test.47,No link specified,No link specified,Test render to test the infrustructure,46,Moto,Cruiser ,T1C/Paddle,T2A/Type3,None/Type1,T2B/Type1,T1A/Type1,T1A/Type1,T1A/Type1,T1A/Type1,None/Type1,None,Beam,Hypnosis,3,ZZ-582,TPG9RSOKBD1Q6
wilder.moto.test.test,48,wilder.moto.test.test.48,No link specified,No link specified,Test render to test the infrustructure,47,Moto,Cruiser ,T1A/Dirt,T1C/Type2,T2A/Type2,T2B/Type1,T2A/Type4,T1A/Type1,T1A/Type1,T1B/Type2,None/Type1,None,Static,Paradise,3,ZS-836,4ZL77K5P6YBAB
wilder.moto.test.test,49,wilder.moto.test.test.49,No link specified,No link specified,Test render to test the infrustructure,48,Moto,Cruiser ,T1B/Street,T1C/Type2,None/Type1,T2B/Type1,T1B/Type2,T1A/Type1,T1B/Type2,T1A/Type1,T1B/Type2,None,Static,Hypnosis,3,MM-897,4UZFJCDDM99B6
wilder.moto.test.test,50,wilder.moto.test.test.50,No link specified,No link specified,Test render to test the infrustructure,49,Moto,Cruiser ,T1B/Street,T1B/Type1,T2A/Type2,T2B/Type1,T1A/Type1,T1A/Type1,T1A/Type1,T1B/Type2,None/Type1,None,Vibration ,Paradise,2,WW-303,PODJH0R6LPKFZ
wilder.moto.test.test,51,wilder.moto.test.test.51,No link specified,No link specified,Test render to test the infrustructure,3758,Moto,Sport,T2B/Hyper Sport,T1B/Type1,None/Type1,T2B/Type1,T2A/Type4,T1A/Type1,T1A/Type1,T1A/Type1,None/Type1,None,Diamond ,Freedom,2,WW-296,4SZEC1LHQ99B8
wilder.moto.test.test,52,wilder.moto.test.test.52,No link specified,No link specified,Test render to test the infrustructure,3759,Moto,Sport,T2B/Hyper Sport,T1C/Type2,None/Type1,T2B/Type1,T2A/Type4,T1A/Type1,T1A/Type1,T1C/Type3,None/Type1,None,Diamond ,Paradise,1,ZS-324,97CRDKY7A2O7S
wilder.moto.test.test,53,wilder.moto.test.test.53,No link specified,No link specified,Test render to test the infrustructure,3760,Moto,Sport,T2B/Hyper Sport,T1B/Type1,None/Type1,T2B/Type1,T1A/Type1,T1A/Type1,T1A/Type1,T1C/Type3,None/Type1,None,Beam,Oasis,3,ZZ-276,QJSIQUWPNJM3V
wilder.moto.test.test,54,wilder.moto.test.test.54,No link specified,No link specified,Test render to test the infrustructure,3761,Moto,Sport,T2A/Super Sport,T1C/Type2,None/Type1,T2B/Type1,T1B/Type2,T1A/Type1,T1A/Type1,T1A/Type1,None/Type1,None,Level Up,Sunshine,3,ZZ-646,O2Z49BNTN6SRX
wilder.moto.test.test,55,wilder.moto.test.test.55,No link specified,No link specified,Test render to test the infrustructure,3762,Moto,Sport,T2B/Hyper Sport,T2B/Type4,None/Type1,T2B/Type1,T1A/Type1,T1A/Type1,T1A/Type1,T1C/Type3,None/Type1,None,Vibration ,Hypnosis,0,WW-445,VU4DS6CLL1LNM
wilder.moto.test.test,56,wilder.moto.test.test.56,No link specified,No link specified,Test render to test the infrustructure,3763,Moto,Sport,T2A/Super Sport,T1C/Type2,None/Type1,T2B/Type1,T2A/Type4,T1A/Type1,T1A/Type1,T1C/Type3,None/Type1,None,Beam,Paradise,0,MM-995,EKV1YM2T27WYJ
wilder.moto.test.test,57,wilder.moto.test.test.57,No link specified,No link specified,Test render to test the infrustructure,3764,Moto,Sport,T2B/Hyper Sport,T1B/Type1,None/Type1,T2B/Type1,T1C/Type3,T1A/Type1,T1A/Type1,T1C/Type3,None/Type1,None,Diamond ,Rayne,3,VR-772,KGUP1GSV91QO9
wilder.moto.test.test,58,wilder.moto.test.test.58,No link specified,No link specified,Test render to test the infrustructure,3765,Moto,Sport,T2A/Super Sport,T1C/Type2,None/Type1,T2B/Type1,T1B/Type2,T1A/Type1,T1A/Type1,T1A/Type1,None/Type1,None,Distortion,Sunshine,3,WW-842,8A2VTNMM888K2
wilder.moto.test.test,59,wilder.moto.test.test.59,No link specified,No link specified,Test render to test the infrustructure,3766,Moto,Sport,T2B/Hyper Sport,T1C/Type2,None/Type1,T2B/Type1,T1B/Type2,T1A/Type1,T1A/Type1,T1C/Type3,T1B/Type2,None,5D,Hypnosis,3,ZS-110,WU58E4OXC6B7V
wilder.moto.test.test,60,wilder.moto.test.test.60,No link specified,No link specified,Test render to test the infrustructure,3767,Moto,Sport,T2A/Super Sport,T1C/Type2,None/Type1,T2B/Type1,T1C/Type3,T1A/Type1,T1A/Type1,T2A/Type4,None/Type1,None,Distortion,Hypnosis,2,ZS-848,E8M355KRX2UFT
wilder.moto.test.test,61,wilder.moto.test.test.61,No link specified,No link specified,Test render to test the infrustructure,3768,Moto,Sport,T2A/Super Sport,T2A/Type3,None/Type1,T2B/Type1,T2A/Type4,T1A/Type1,T1A/Type1,T1A/Type1,None/Type1,None,Diamond ,Rayne,0,MM-300,K5REUTEA15QJN
wilder.moto.test.test,62,wilder.moto.test.test.62,No link specified,No link specified,Test render to test the infrustructure,3769,Moto,Sport,T2A/Super Sport,T1C/Type2,None/Type1,T2B/Type1,T1B/Type2,T1A/Type1,T1A/Type1,T1C/Type3,None/Type1,None,Static,Franklin,0,ZZ-781,YVQ0ZYUJLYBYX
wilder.moto.test.test,63,wilder.moto.test.test.63,No link specified,No link specified,Test render to test the infrustructure,3770,Moto,Sport,T2B/Hyper Sport,T1B/Type1,None/Type1,T2B/Type1,T2A/Type4,T1A/Type1,T1A/Type1,T1C/Type3,T1B/Type2,None,Hexo,Hypnosis,0,MT-339,KH22Y4T4NK4OV
wilder.moto.test.test,64,wilder.moto.test.test.64,No link specified,No link specified,Test render to test the infrustructure,3771,Moto,Sport,T2A/Super Sport,T1C/Type2,None/Type1,T2B/Type1,T2B/Type5,T1A/Type1,T1A/Type1,T1C/Type3,T1B/Type2,None,Diamond ,Hypnosis,3,ZS-591,WF9U0B815BB8F
wilder.moto.test.test,65,wilder.moto.test.test.65,No link specified,No link specified,Test render to test the infrustructure,3772,Moto,Sport,T2A/Super Sport,T2A/Type3,None/Type1,T2B/Type1,T1B/Type2,T1A/Type1,T1A/Type1,T1A/Type1,None/Type1,None,Beam,Flo,1,ZZ-625,DECK49HUMXR0Y
wilder.moto.test.test,66,wilder.moto.test.test.66,No link specified,No link specified,Test render to test the infrustructure,3773,Moto,Sport,T2A/Super Sport,T1B/Type1,None/Type1,T2B/Type1,T1A/Type1,T1A/Type1,T1A/Type1,T1C/Type3,T1B/Type2,None,Nested,Paradise,1,VR-144,BLX3L6UEXW9WP
wilder.moto.test.test,67,wilder.moto.test.test.67,No link specified,No link specified,Test render to test the infrustructure,3774,Moto,Sport,T2B/Hyper Sport,T1B/Type1,None/Type1,T2B/Type1,T2B/Type5,T1A/Type1,T1A/Type1,T1A/Type1,None/Type1,None,Vibration ,Flo,3,ZZ-124,LUBWJJPHW7LUY
wilder.moto.test.test,68,wilder.moto.test.test.68,No link specified,No link specified,Test render to test the infrustructure,3775,Moto,Sport,T2B/Hyper Sport,T2A/Type3,None/Type1,T2B/Type1,T1C/Type3,T1A/Type1,T1A/Type1,T1C/Type3,None/Type1,None,Hexo,Hypnosis,2,MM-530,8L74XQH80ONNM
wilder.moto.test.test,69,wilder.moto.test.test.69,No link specified,No link specified,Test render to test the infrustructure,3776,Moto,Sport,T2B/Hyper Sport,T1B/Type1,None/Type1,T2B/Type1,T1B/Type2,T1A/Type1,T1A/Type1,T1A/Type1,T1B/Type2,None,Beam,Sunshine,1,MT-596,BSN2DU9KDYC5K
wilder.moto.test.test,70,wilder.moto.test.test.70,No link specified,No link specified,Test render to test the infrustructure,3777,Moto,Sport,T2B/Hyper Sport,T1B/Type1,None/Type1,T2B/Type1,T1B/Type2,T1A/Type1,T1A/Type1,T1A/Type1,T1B/Type2,None,5D,Oasis,3,WM-521,WABXOMPW61PDG
wilder.moto.test.test,71,wilder.moto.test.test.71,No link specified,No link specified,Test render to test the infrustructure,3778,Moto,Sport,T2A/Super Sport,T2A/Type3,None/Type1,T2B/Type1,T1B/Type2,T1A/Type1,T1A/Type1,T1A/Type1,None/Type1,None,Level Up,Rayne,2,MT-998,IW2RON3MVN6NS
wilder.moto.test.test,72,wilder.moto.test.test.72,No link specified,No link specified,Test render to test the infrustructure,3779,Moto,Sport,T2B/Hyper Sport,T1B/Type1,None/Type1,T2B/Type1,T1A/Type1,T1A/Type1,T1A/Type1,T2A/Type4,None/Type1,None,Static,Franklin,1,MT-695,AXOE5LFSDANM7
wilder.moto.test.test,73,wilder.moto.test.test.73,No link specified,No link specified,Test render to test the infrustructure,3780,Moto,Sport,T2A/Super Sport,T2A/Type3,None/Type1,T2B/Type1,T1B/Type2,T1A/Type1,T1A/Type1,T1C/Type3,T1B/Type2,None,Beam,Hypnosis,0,TT-966,IGCM5I8T8NL0N
wilder.moto.test.test,74,wilder.moto.test.test.74,No link specified,No link specified,Test render to test the infrustructure,3781,Moto,Sport,T2A/Super Sport,T1C/Type2,None/Type1,T2B/Type1,T1A/Type1,T1A/Type1,T1A/Type1,T1A/Type1,None/Type1,None,WILD,Franklin,3,WW-933,O6N2HRBD1TTMW
wilder.moto.test.test,75,wilder.moto.test.test.75,No link specified,No link specified,Test render to test the infrustructure,3782,Moto,Sport,T2A/Super Sport,T2B/Type4,None/Type1,T2B/Type1,T1B/Type2,T1A/Type1,T1A/Type1,T1A/Type1,None/Type1,None,Static,Saint,1,ZS-653,220WZN3X1MDWH
wilder.moto.test.test,76,wilder.moto.test.test.76,No link specified,No link specified,Test render to test the infrustructure,3783,Moto,Sport,T2A/Super Sport,T2B/Type4,None/Type1,T2B/Type1,T1A/Type1,T1C/Type2,T1A/Type1,T1A/Type1,None/Type1,None,Static,Hypnosis,2,MT-950,9KQI2T7AHI5QF
wilder.moto.test.test,77,wilder.moto.test.test.77,No link specified,No link specified,Test render to test the infrustructure,3784,Moto,Sport,T2A/Super Sport,T1C/Type2,None/Type1,T2B/Type1,T1A/Type1,T1A/Type1,T1A/Type1,T1A/Type1,T1B/Type2,None,Distortion,Rayne,2,MT-699,QCQARTEIQJMHV
wilder.moto.test.test,78,wilder.moto.test.test.78,No link specified,No link specified,Test render to test the infrustructure,3785,Moto,Sport,T2A/Super Sport,T2A/Type3,None/Type1,T2B/Type1,T1A/Type1,T1A/Type1,T1A/Type1,T1C/Type3,None/Type1,None,Distortion,Paradise,3,WW-430,NOGSGEJVI9GP9
wilder.moto.test.test,79,wilder.moto.test.test.79,No link specified,No link specified,Test render to test the infrustructure,3786,Moto,Sport,T2A/Super Sport,T1C/Type2,None/Type1,T2B/Type1,T1B/Type2,T1A/Type1,T1A/Type1,T1A/Type1,T1B/Type2,None,Diamond ,Sunshine,2,MM-883,3RHOJOOCLRA19
wilder.moto.test.test,80,wilder.moto.test.test.80,No link specified,No link specified,Test render to test the infrustructure,3787,Moto,Sport,T2B/Hyper Sport,T2A/Type3,None/Type1,T2B/Type1,T2B/Type5,T1A/Type1,T1A/Type1,T1A/Type1,None/Type1,None,Hexo,Paradise,0,MM-457,QN9DL3IJUSDZ1
wilder.moto.test.test,81,wilder.moto.test.test.81,No link specified,No link specified,Test render to test the infrustructure,3788,Moto,Sport,T2A/Super Sport,T2A/Type3,None/Type1,T2B/Type1,T1A/Type1,T1A/Type1,T1A/Type1,T1A/Type1,T2A/Type4,None,Static,Paradise,2,WM-463,712F0XIRBGJMR
wilder.moto.test.test,82,wilder.moto.test.test.82,No link specified,No link specified,Test render to test the infrustructure,3789,Moto,Sport,T2A/Super Sport,T1B/Type1,None/Type1,T2B/Type1,T1A/Type1,T1A/Type1,T1A/Type1,T1C/Type3,T2A/Type4,None,Static,Paradise,2,WM-979,FJMRQCVUEH4U5
wilder.moto.test.test,83,wilder.moto.test.test.83,No link specified,No link specified,Test render to test the infrustructure,3790,Moto,Sport,T2B/Hyper Sport,T2A/Type3,None/Type1,T2B/Type1,T1A/Type1,T1A/Type1,T1A/Type1,T1A/Type1,None/Type1,None,Diamond ,Franklin,3,MT-285,C5VM8WY3QHAAK
wilder.moto.test.test,84,wilder.moto.test.test.84,No link specified,No link specified,Test render to test the infrustructure,3791,Moto,Sport,T2B/Hyper Sport,T2A/Type3,None/Type1,T2B/Type1,T1B/Type2,T1A/Type1,T1A/Type1,T1A/Type1,None/Type1,None,5D,Rayne,3,ZZ-538,4Y5A3Y4LXOPZ7
wilder.moto.test.test,85,wilder.moto.test.test.85,No link specified,No link specified,Test render to test the infrustructure,3792,Moto,Sport,T2B/Hyper Sport,T1B/Type1,None/Type1,T2B/Type1,T1C/Type3,T1A/Type1,T1A/Type1,T1C/Type3,T2A/Type4,None,Static,Hypnosis,2,TT-905,D44AXERZ9E1A7
wilder.moto.test.test,86,wilder.moto.test.test.86,No link specified,No link specified,Test render to test the infrustructure,3793,Moto,Sport,T2B/Hyper Sport,T2B/Type4,None/Type1,T2B/Type1,T1A/Type1,T1A/Type1,T1A/Type1,T1A/Type1,None/Type1,None,Diamond ,Oasis,2,ZZ-383,603G9OJYOHOXN
wilder.moto.test.test,87,wilder.moto.test.test.87,No link specified,No link specified,Test render to test the infrustructure,3794,Moto,Sport,T2A/Super Sport,T1C/Type2,None/Type1,T2B/Type1,T1A/Type1,T1A/Type1,T1A/Type1,T2A/Type4,T1B/Type2,None,Hexo,Hypnosis,2,WM-678,6SON05KAD12CP
wilder.moto.test.test,88,wilder.moto.test.test.88,No link specified,No link specified,Test render to test the infrustructure,3795,Moto,Sport,T2B/Hyper Sport,T1C/Type2,None/Type1,T2B/Type1,T2A/Type4,T1A/Type1,T1A/Type1,T1A/Type1,T1B/Type2,None,Level Up,Paradise,3,VR-992,F2464YVFWANZU
wilder.moto.test.test,89,wilder.moto.test.test.89,No link specified,No link specified,Test render to test the infrustructure,3796,Moto,Sport,T2B/Hyper Sport,T1B/Type1,None/Type1,T2B/Type1,T2A/Type4,T1A/Type1,T1A/Type1,T1A/Type1,None/Type1,None,Static,Hypnosis,1,ZZ-906,RWYUHM63MN5CQ
wilder.moto.test.test,90,wilder.moto.test.test.90,No link specified,No link specified,Test render to test the infrustructure,3797,Moto,Sport,T2B/Hyper Sport,T2A/Type3,None/Type1,T2B/Type1,T1C/Type3,T1A/Type1,T1A/Type1,T2A/Type4,T1B/Type2,None,Static,Hypnosis,2,WW-642,518YXV0DSMOHC
wilder.moto.test.test,91,wilder.moto.test.test.91,No link specified,No link specified,Test render to test the infrustructure,3798,Moto,Sport,T2A/Super Sport,T1B/Type1,None/Type1,T2B/Type1,T1C/Type3,T1A/Type1,T1A/Type1,T1A/Type1,T1B/Type2,None,Diamond ,Saint,0,MM-872,F5ZVXOJFHS418
wilder.moto.test.test,92,wilder.moto.test.test.92,No link specified,No link specified,Test render to test the infrustructure,3799,Moto,Sport,T2B/Hyper Sport,T1B/Type1,None/Type1,T2B/Type1,T1C/Type3,T1A/Type1,T1A/Type1,T1A/Type1,T1B/Type2,None,Vibration ,Oasis,3,VR-811,3IPHU7Q6QELT7
wilder.moto.test.test,93,wilder.moto.test.test.93,No link specified,No link specified,Test render to test the infrustructure,3800,Moto,Sport,T2B/Hyper Sport,T2A/Type3,None/Type1,T2B/Type1,T1C/Type3,T1A/Type1,T1A/Type1,T1A/Type1,T1B/Type2,None,Static,Oasis,2,MT-394,DOVDSY1OTKTCD
wilder.moto.test.test,94,wilder.moto.test.test.94,No link specified,No link specified,Test render to test the infrustructure,3801,Moto,Sport,T2B/Hyper Sport,T1B/Type1,None/Type1,T2B/Type1,T1B/Type2,T1A/Type1,T1A/Type1,T1C/Type3,T1B/Type2,None,Level Up,Paradise,3,WM-967,ZMCTQFWRY9HTC
wilder.moto.test.test,95,wilder.moto.test.test.95,No link specified,No link specified,Test render to test the infrustructure,3802,Moto,Sport,T2B/Hyper Sport,T2A/Type3,None/Type1,T2B/Type1,T1A/Type1,T1A/Type1,T1A/Type1,T1A/Type1,None/Type1,None,5D,Flo,2,ZZ-267,47ANDDR1UQB73
wilder.moto.test.test,96,wilder.moto.test.test.96,No link specified,No link specified,Test render to test the infrustructure,3803,Moto,Sport,T2A/Super Sport,T1B/Type1,None/Type1,T2B/Type1,T1C/Type3,T1A/Type1,T1A/Type1,T2A/Type4,T1B/Type2,None,Diamond ,Paradise,3,ZS-665,1USSAYZIOLBVW
wilder.moto.test.test,97,wilder.moto.test.test.97,No link specified,No link specified,Test render to test the infrustructure,3804,Moto,Sport,T2B/Hyper Sport,T1B/Type1,None/Type1,T2B/Type1,T1A/Type1,T1A/Type1,T1A/Type1,T2A/Type4,T2A/Type4,None,Static,Hypnosis,2,MM-703,JRIG6OX9AORHU
wilder.moto.test.test,98,wilder.moto.test.test.98,No link specified,No link specified,Test render to test the infrustructure,3805,Moto,Sport,T2A/Super Sport,T2A/Type3,None/Type1,T2B/Type1,T2A/Type4,T1A/Type1,T1A/Type1,T1A/Type1,T1B/Type2,None,Vibration ,Paradise,2,WM-634,AWW87M01OCKDF
wilder.moto.test.test,99,wilder.moto.test.test.99,No link specified,No link specified,Test render to test the infrustructure,3806,Moto,Sport,T2B/Hyper Sport,T1C/Type2,None/Type1,T2B/Type1,T2A/Type4,T1A/Type1,T1A/Type1,T1C/Type3,None/Type1,None,Vibration ,Paradise,1,ZS-457,62J60UXCD8546
wilder.moto.test.test,100,wilder.moto.test.test.100,No link specified,No link specified,Test render to test the infrustructure,3807,Moto,Sport,T2B/Hyper Sport,T2A/Type3,None/Type1,T2B/Type1,T1B/Type2,T1A/Type1,T1A/Type1,T1C/Type3,T1B/Type2,None,Beam,Hypnosis,0,MT-112,OCUE14W3JYHLP
wilder.moto.test.test,101,wilder.moto.test.test.101,No link specified,No link specified,Test render to test the infrustructure,3808,Moto,Sport,T2A/Super Sport,T1B/Type1,None/Type1,T2B/Type1,T2B/Type5,T1A/Type1,T1A/Type1,T2A/Type4,None/Type1,None,Static,Oasis,0,ZZ-427,YH7HNMUWG4WLW
wilder.moto.test.test,102,wilder.moto.test.test.102,No link specified,No link specified,Test render to test the infrustructure,5598,Moto,Exotic,T3A/Bladeless,T3A/Type5,None/Type1,T2B/Type1,T3B/Type7,T1A/Type1,T2A/Type4,T1A/Type1,T1B/Type2,Side Cart,Hexo,Paradise,2,WM-743,FP74DGTS9EM22
wilder.moto.test.test,103,wilder.moto.test.test.103,No link specified,No link specified,Test render to test the infrustructure,5599,Moto,Exotic,T3A/Bladeless,T3B/Type6,None/Type1,T2B/Type1,T3B/Type7,T1A/Type1,T1A/Type1,T1A/Type1,None/Type1,Side Cart,Diamond ,Franklin,0,ZS-768,WLCU5IUGET01F
wilder.moto.test.test,104,wilder.moto.test.test.104,No link specified,No link specified,Test render to test the infrustructure,5600,Moto,Exotic,T3B/Blade,T3A/Type5,None/Type1,T2B/Type1,T3A/Type6,T1A/Type1,T1A/Type1,T1A/Type1,None/Type1,Side Cart,Vibration ,Flo,0,ZS-947,YBF8LVA0XTQV2
wilder.moto.test.test,105,wilder.moto.test.test.105,No link specified,No link specified,Test render to test the infrustructure,5601,Moto,Exotic,T3A/Bladeless,T3A/Type5,None/Type1,T2B/Type1,T3B/Type7,T1C/Type2,T1A/Type1,T1C/Type3,None/Type1,Side Cart,Beam,Flo,0,ZS-317,LJZX38K87XWUS
wilder.moto.test.test,106,wilder.moto.test.test.106,No link specified,No link specified,Test render to test the infrustructure,5602,Moto,Exotic,T3B/Blade,T3A/Type5,None/Type1,T2B/Type1,T3B/Type7,T1A/Type1,T1A/Type1,T1C/Type3,T1B/Type2,Side Cart,Vibration ,Hypnosis,0,ZZ-153,YRSO17393XNF1
wilder.moto.test.test,107,wilder.moto.test.test.107,No link specified,No link specified,Test render to test the infrustructure,5603,Moto,Exotic,T3B/Blade,T3A/Type5,None/Type1,T2B/Type1,T3A/Type6,T1A/Type1,T1A/Type1,T1A/Type1,T1C/Type3,Side Cart,Wonder,Hypnosis,0,VR-654,NE1XX30XDBC57
wilder.moto.test.test,108,wilder.moto.test.test.108,No link specified,No link specified,Test render to test the infrustructure,5604,Moto,Exotic,T3B/Blade,T3A/Type5,None/Type1,T2B/Type1,T3B/Type7,T1A/Type1,T2A/Type4,T1A/Type1,T1B/Type2,Side Cart,Vibration ,Paradise,0,VR-197,QQ2DZ50Y04QUP
wilder.moto.test.test,109,wilder.moto.test.test.109,No link specified,No link specified,Test render to test the infrustructure,5605,Moto,Exotic,T3A/Bladeless,T3A/Type5,None/Type1,T2B/Type1,T3A/Type6,T1C/Type2,T1A/Type1,T1A/Type1,T2A/Type4,Side Cart,Wonder,Hypnosis,1,ZZ-826,10AU27O7XYA2L
wilder.moto.test.test,110,wilder.moto.test.test.110,No link specified,No link specified,Test render to test the infrustructure,5606,Moto,Exotic,T3A/Bladeless,T3B/Type6,None/Type1,T2A/Type2,T3B/Type7,T1A/Type1,T1A/Type1,T1A/Type1,None/Type1,Side Cart,Static,Sunshine,1,WW-854,Q74JZPOZYXF4L
wilder.moto.test.test,111,wilder.moto.test.test.111,No link specified,No link specified,Test render to test the infrustructure,5607,Moto,Exotic,T3A/Bladeless,T3B/Type6,None/Type1,T2B/Type1,T3B/Type7,T1C/Type2,T1A/Type1,T1A/Type1,T1C/Type3,Side Cart,Diamond ,Rayne,3,ZZ-142,HQBWKILIMF8TF
wilder.moto.test.test,112,wilder.moto.test.test.112,No link specified,No link specified,Test render to test the infrustructure,5608,Moto,Exotic,T3A/Bladeless,T3B/Type6,None/Type1,T2B/Type1,T3B/Type7,T1C/Type2,T1A/Type1,T1C/Type3,None/Type1,None,Vibration ,Rayne,0,WW-849,NZQZ4410VGJGO
wilder.moto.test.test,113,wilder.moto.test.test.113,No link specified,No link specified,Test render to test the infrustructure,5609,Moto,Exotic,T3A/Bladeless,T3B/Type6,None/Type1,T2B/Type1,T3A/Type6,T1C/Type2,T1A/Type1,T1A/Type1,None/Type1,None,Level Up,Strange,1,VR-890,FIULJ7L6Z2299
wilder.moto.test.test,114,wilder.moto.test.test.114,No link specified,No link specified,Test render to test the infrustructure,5610,Moto,Exotic,T3A/Bladeless,T3B/Type6,None/Type1,T2B/Type1,T3A/Type6,T1A/Type1,T1A/Type1,T1A/Type1,None/Type1,None,5D,Flo,3,MT-843,VLX4X0ZMOFLMO
wilder.moto.test.test,115,wilder.moto.test.test.115,No link specified,No link specified,Test render to test the infrustructure,5611,Moto,Exotic,T3A/Bladeless,T3A/Type5,None/Type1,T2B/Type1,T3B/Type7,T1C/Type2,T1A/Type1,T1A/Type1,None/Type1,None,Static,Paradise,2,ZS-619,ZX0YA0DNDHUMA
wilder.moto.test.test,116,wilder.moto.test.test.116,No link specified,No link specified,Test render to test the infrustructure,5612,Moto,Exotic,T3A/Bladeless,T3B/Type6,None/Type1,T2B/Type1,T3B/Type7,T1A/Type1,T1A/Type1,T1A/Type1,T1C/Type3,None,Static,Rayne,0,VR-110,8GR90KXXRE3GF
wilder.moto.test.test,117,wilder.moto.test.test.117,No link specified,No link specified,Test render to test the infrustructure,5613,Moto,Exotic,T3A/Bladeless,T3A/Type5,None/Type1,T2B/Type1,T3A/Type6,T1C/Type2,T1A/Type1,T1A/Type1,T2A/Type4,None,Static,Rayne,3,WM-354,ODFBMTGZ3C7Y9
wilder.moto.test.test,118,wilder.moto.test.test.118,No link specified,No link specified,Test render to test the infrustructure,5614,Moto,Exotic,T3B/Blade,T3B/Type6,None/Type1,T2B/Type1,T3A/Type6,T1C/Type2,T1A/Type1,T1C/Type3,None/Type1,None,Static,Wilderness,0,WW-978,JXZQ638QDERNM
wilder.moto.test.test,119,wilder.moto.test.test.119,No link specified,No link specified,Test render to test the infrustructure,5615,Moto,Exotic,T3B/Blade,T3B/Type6,None/Type1,T2B/Type1,T3A/Type6,T1A/Type1,T2A/Type4,T1C/Type3,None/Type1,None,Hexo,Hypnosis,3,WM-595,K5IHLNR3FW4WU
wilder.moto.test.test,120,wilder.moto.test.test.120,No link specified,No link specified,Test render to test the infrustructure,5616,Moto,Exotic,T3B/Blade,T3B/Type6,None/Type1,T2B/Type1,T3B/Type7,T1A/Type1,T1A/Type1,T1A/Type1,T2B/Type5,None,Beam,Freedom,0,ZS-159,UPLUNBF0LGGHC
wilder.moto.test.test,121,wilder.moto.test.test.121,No link specified,No link specified,Test render to test the infrustructure,5617,Moto,Exotic,T3B/Blade,T3A/Type5,None/Type1,T2B/Type1,T3B/Type7,T1C/Type2,T1A/Type1,T1A/Type1,T1B/Type2,None,Hexo,Oasis,2,MT-767,A0KMQT4JV5K3J
wilder.moto.test.test,122,wilder.moto.test.test.122,No link specified,No link specified,Test render to test the infrustructure,5618,Moto,Exotic,T3A/Bladeless,T3A/Type5,None/Type1,T2B/Type1,T3A/Type6,T2A/Type3,T1A/Type1,T1C/Type3,None/Type1,None,Hexo,Hypnosis,0,ZS-523,F5L208MWKRYF8
wilder.moto.test.test,123,wilder.moto.test.test.123,No link specified,No link specified,Test render to test the infrustructure,5619,Moto,Exotic,T3B/Blade,T3A/Type5,None/Type1,T2B/Type1,T3A/Type6,T1A/Type1,T1A/Type1,T1C/Type3,None/Type1,None,Level Up,Paradise,2,VR-506,QWCN3AK4NNTX6
wilder.moto.test.test,124,wilder.moto.test.test.124,No link specified,No link specified,Test render to test the infrustructure,5620,Moto,Exotic,T3A/Bladeless,T3A/Type5,None/Type1,T2B/Type1,T3B/Type7,T1A/Type1,T1A/Type1,T1C/Type3,None/Type1,None,Static,Franklin,3,WW-983,K1O8GTEX2Z2KS
wilder.moto.test.test,125,wilder.moto.test.test.125,No link specified,No link specified,Test render to test the infrustructure,5621,Moto,Exotic,T3B/Blade,T3A/Type5,None/Type1,T2B/Type1,T3B/Type7,T1A/Type1,T1A/Type1,T1A/Type1,T1B/Type2,None,Static,Freedom,2,ZZ-867,8ZTWV6K6CWEDY
wilder.moto.test.test,126,wilder.moto.test.test.126,No link specified,No link specified,Test render to test the infrustructure,5622,Moto,Exotic,T3A/Bladeless,T3A/Type5,None/Type1,T2A/Type2,T3A/Type6,T1A/Type1,T1A/Type1,T1A/Type1,T1B/Type2,None,Wonder,Hypnosis,1,WM-935,8SH6MPMNZ26TI
wilder.moto.test.test,127,wilder.moto.test.test.127,No link specified,No link specified,Test render to test the infrustructure,5623,Moto,Exotic,T3B/Blade,T3A/Type5,None/Type1,T2A/Type2,T3A/Type6,T1A/Type1,T1A/Type1,T1C/Type3,None/Type1,None,Beam,Hypnosis,2,WM-104,8R9R50UA65XFX
wilder.moto.test.test,128,wilder.moto.test.test.128,No link specified,No link specified,Test render to test the infrustructure,5624,Moto,Exotic,T3A/Bladeless,T3A/Type5,None/Type1,T2B/Type1,T3A/Type6,T1C/Type2,T1A/Type1,T1C/Type3,T1B/Type2,None,Wonder,Paradise,2,MM-369,EBCRYYE0OHETS
wilder.moto.test.test,129,wilder.moto.test.test.129,No link specified,No link specified,Test render to test the infrustructure,5625,Moto,Exotic,T3B/Blade,T3A/Type5,None/Type1,T2B/Type1,T3B/Type7,T2A/Type3,T1A/Type1,T1A/Type1,T1C/Type3,None,Static,Paradise,2,ZS-407,IS4GLLLQVEG9K
wilder.moto.test.test,130,wilder.moto.test.test.130,No link specified,No link specified,Test render to test the infrustructure,5626,Moto,Exotic,T3B/Blade,T3A/Type5,None/Type1,T2B/Type1,T3A/Type6,T2A/Type3,T1A/Type1,T1A/Type1,T1B/Type2,None,Diamond ,Paradise,0,WM-542,W184KGMNJZO32
wilder.moto.test.test,131,wilder.moto.test.test.131,No link specified,No link specified,Test render to test the infrustructure,5627,Moto,Exotic,T3A/Bladeless,T3A/Type5,None/Type1,T2B/Type1,T3A/Type6,T1C/Type2,T1A/Type1,T1A/Type1,T1C/Type3,None,Vibration ,Rayne,3,MT-817,2OUD3VPRQKT7G
wilder.moto.test.test,132,wilder.moto.test.test.132,No link specified,No link specified,Test render to test the infrustructure,5628,Moto,Exotic,T3A/Bladeless,T3A/Type5,None/Type1,T2B/Type1,T3A/Type6,T1A/Type1,T1A/Type1,T1A/Type1,T1B/Type2,None,Vibration ,Rayne,1,ZS-765,JPY8YFAYJ220F
wilder.moto.test.test,133,wilder.moto.test.test.133,No link specified,No link specified,Test render to test the infrustructure,5629,Moto,Exotic,T3B/Blade,T3A/Type5,None/Type1,T2B/Type1,T3B/Type7,T1A/Type1,T1A/Type1,T1A/Type1,None/Type1,None,Beam,Franklin,1,WM-328,MASW01ZDYG09W
wilder.moto.test.test,134,wilder.moto.test.test.134,No link specified,No link specified,Test render to test the infrustructure,5630,Moto,Exotic,T3B/Blade,T3B/Type6,None/Type1,T2B/Type1,T3A/Type6,T2A/Type3,T1A/Type1,T1A/Type1,None/Type1,None,Level Up,Paradise,0,ZS-325,3ZHXTO5DN1ZW1
wilder.moto.test.test,135,wilder.moto.test.test.135,No link specified,No link specified,Test render to test the infrustructure,5631,Moto,Exotic,T3B/Blade,T3B/Type6,None/Type1,T2B/Type1,T3B/Type7,T1C/Type2,T1A/Type1,T1A/Type1,T1B/Type2,None,5D,Oasis,1,WM-442,NA02BW5WF2VF4
wilder.moto.test.test,136,wilder.moto.test.test.136,No link specified,No link specified,Test render to test the infrustructure,5632,Moto,Exotic,T3B/Blade,T3B/Type6,None/Type1,T2B/Type1,T3A/Type6,T1C/Type2,T1A/Type1,T1A/Type1,T2A/Type4,None,Hexo,Hypnosis,1,WM-973,D1EGAUEMBJ8JE
wilder.moto.test.test,137,wilder.moto.test.test.137,No link specified,No link specified,Test render to test the infrustructure,5633,Moto,Exotic,T3A/Bladeless,T3B/Type6,None/Type1,T2B/Type1,T3B/Type7,T1A/Type1,T1A/Type1,T1A/Type1,T1C/Type3,None,Static,Oasis,1,MT-913,MBHLLRMQIUIZC
wilder.moto.test.test,138,wilder.moto.test.test.138,No link specified,No link specified,Test render to test the infrustructure,5634,Moto,Exotic,T3B/Blade,T3A/Type5,None/Type1,T2B/Type1,T3A/Type6,T1A/Type1,T1A/Type1,T1C/Type3,T1B/Type2,None,Distortion,Hypnosis,3,WM-236,AE9DJ8DDC03CL
wilder.moto.test.test,139,wilder.moto.test.test.139,No link specified,No link specified,Test render to test the infrustructure,5635,Moto,Exotic,T3A/Bladeless,T3B/Type6,None/Type1,T2B/Type1,T3A/Type6,T1A/Type1,T2A/Type4,T1A/Type1,T1B/Type2,None,Distortion,Paradise,2,ZS-466,YOXT61XLR7UMB
wilder.moto.test.test,140,wilder.moto.test.test.140,No link specified,No link specified,Test render to test the infrustructure,5636,Moto,Exotic,T3A/Bladeless,T3B/Type6,None/Type1,T2B/Type1,T3B/Type7,T1A/Type1,T1A/Type1,T1A/Type1,None/Type1,None,Level Up,Sunshine,0,MM-631,RTSHT26CFHFBR
wilder.moto.test.test,141,wilder.moto.test.test.141,No link specified,No link specified,Test render to test the infrustructure,5637,Moto,Exotic,T3B/Blade,T3B/Type6,None/Type1,T2B/Type1,T3A/Type6,T1A/Type1,T2A/Type4,T1C/Type3,T1B/Type2,None,Static,Paradise,2,MM-395,UX8OJ04IO9OJS
wilder.moto.test.test,142,wilder.moto.test.test.142,No link specified,No link specified,Test render to test the infrustructure,5638,Moto,Exotic,T3B/Blade,T3A/Type5,None/Type1,T2B/Type1,T3A/Type6,T1A/Type1,T1A/Type1,T1A/Type1,None/Type1,None,WILD,Flo,3,WW-373,QNVTCNNM5KO2K
wilder.moto.test.test,143,wilder.moto.test.test.143,No link specified,No link specified,Test render to test the infrustructure,5639,Moto,Exotic,T3A/Bladeless,T3B/Type6,None/Type1,T2B/Type1,T3A/Type6,T1A/Type1,T2A/Type4,T1A/Type1,None/Type1,None,Level Up,Rayne,3,WW-223,XCBNVBXTPM8D2
wilder.moto.test.test,144,wilder.moto.test.test.144,No link specified,No link specified,Test render to test the infrustructure,5640,Moto,Exotic,T3B/Blade,T3B/Type6,None/Type1,T2B/Type1,T3A/Type6,T1A/Type1,T1A/Type1,T1A/Type1,None/Type1,None,Vibration ,Sunshine,0,WM-138,SCZG8EINL5A3O
wilder.moto.test.test,145,wilder.moto.test.test.145,No link specified,No link specified,Test render to test the infrustructure,5641,Moto,Exotic,T3B/Blade,T3B/Type6,None/Type1,T2B/Type1,T3A/Type6,T2A/Type3,T1A/Type1,T1A/Type1,T1B/Type2,None,Level Up,Hypnosis,0,ZZ-981,9K50E8G5WVRSI
wilder.moto.test.test,146,wilder.moto.test.test.146,No link specified,No link specified,Test render to test the infrustructure,5642,Moto,Exotic,T3B/Blade,T3A/Type5,None/Type1,T2B/Type1,T3B/Type7,T1A/Type1,T1A/Type1,T3A/Type6,None/Type1,None,Static,Paradise,1,ZZ-367,WV904OSBZHCAM
wilder.moto.test.test,147,wilder.moto.test.test.147,No link specified,No link specified,Test render to test the infrustructure,5643,Moto,Exotic,T3B/Blade,T3B/Type6,None/Type1,T2B/Type1,T3A/Type6,T1C/Type2,T1A/Type1,T1A/Type1,T1B/Type2,None,Diamond ,Freedom,3,WW-848,H7EANYJ1XSR8O
wilder.moto.test.test,148,wilder.moto.test.test.148,No link specified,No link specified,Test render to test the infrustructure,5644,Moto,Exotic,T3A/Bladeless,T3A/Type5,None/Type1,T2B/Type1,T3B/Type7,T1A/Type1,T2A/Type4,T1A/Type1,T2A/Type4,None,Diamond ,Hypnosis,3,MM-837,M7324UQWKKLRG
wilder.moto.test.test,149,wilder.moto.test.test.149,No link specified,No link specified,Test render to test the infrustructure,5645,Moto,Exotic,T3B/Blade,T3B/Type6,None/Type1,T2B/Type1,T3A/Type6,T1A/Type1,T1A/Type1,T1C/Type3,T1B/Type2,None,Hexo,Hypnosis,0,VR-480,4W2WYK1CFIE9F
wilder.moto.test.test,150,wilder.moto.test.test.150,No link specified,No link specified,Test render to test the infrustructure,5646,Moto,Exotic,T3A/Bladeless,T3B/Type6,None/Type1,T2B/Type1,T3A/Type6,T1A/Type1,T2B/Type5,T1C/Type3,None/Type1,None,Level Up,Hypnosis,1,VR-151,V009QTZAPR06R
wilder.moto.test.test,151,wilder.moto.test.test.151,No link specified,No link specified,Test render to test the infrustructure,5647,Moto,Exotic,T3A/Bladeless,T3B/Type6,None/Type1,T2B/Type1,T3A/Type6,T1A/Type1,T1A/Type1,T1A/Type1,None/Type1,None,5D,Franklin,1,VR-806,Z2CH4MPH8T28S
wilder.moto.test.test,152,wilder.moto.test.test.152,No link specified,No link specified,Test render to test the infrustructure,6338,Moto,Hover,T4A/Turbine,T4A/Type7,None/Type1,T2B/Type1,T2A/Type4,T1A/Type1,T2B/Type5,T3A/Type6,T2B/Type5,None,Vibration ,Houdini,0,ZS-391,AKVAV1BPH6D84
wilder.moto.test.test,153,wilder.moto.test.test.153,No link specified,No link specified,Test render to test the infrustructure,6339,Moto,Hover,T4A/Turbine,T4A/Type7,None/Type1,T2A/Type2,T1B/Type2,T1A/Type1,T2A/Type4,T2B/Type5,T1B/Type2,None,Spaced Out,Houdini,3,ZZ-230,EWFKAPI7BZRQ8
wilder.moto.test.test,154,wilder.moto.test.test.154,No link specified,No link specified,Test render to test the infrustructure,6340,Moto,Hover,T4A/Turbine,T4A/Type7,T2A/Type2,T2B/Type1,T2A/Type4,T1A/Type1,T2A/Type4,T3A/Type6,T3A/Type6,None,Level Up,Heavy,2,MM-829,0ETCQDCMA3O2R
wilder.moto.test.test,155,wilder.moto.test.test.155,No link specified,No link specified,Test render to test the infrustructure,6341,Moto,Hover,T4A/Turbine,T4A/Type7,T2A/Type2,T2B/Type1,T2B/Type5,T1A/Type1,T2A/Type4,T3A/Type6,T2A/Type4,None,Quad,Hypnosis,2,VR-159,KVH8SKOOIU1J4
wilder.moto.test.test,156,wilder.moto.test.test.156,No link specified,No link specified,Test render to test the infrustructure,6342,Moto,Hover,T4A/Turbine,T4A/Type7,None/Type1,T2A/Type2,T2A/Type4,T1A/Type1,T2A/Type4,T2B/Type5,T1B/Type2,None,Nested,Boss,2,VR-991,3QC5JN9YI95G4
wilder.moto.test.test,157,wilder.moto.test.test.157,No link specified,No link specified,Test render to test the infrustructure,6343,Moto,Hover,T4A/Turbine,T4A/Type7,T2A/Type2,T2B/Type1,T1C/Type3,T1A/Type1,T2A/Type4,T3A/Type6,T3A/Type6,None,Quad,Rayne,3,WW-671,3DX1TBN5CMLYK
wilder.moto.test.test,158,wilder.moto.test.test.158,No link specified,No link specified,Test render to test the infrustructure,6344,Moto,Hover,T4A/Turbine,T4A/Type7,None/Type1,T2B/Type1,T1C/Type3,T1A/Type1,T2A/Type4,T2B/Type5,T2B/Type5,None,Quad,Paradise,0,VR-452,E2XML5UYP2KWW
wilder.moto.test.test,159,wilder.moto.test.test.159,No link specified,No link specified,Test render to test the infrustructure,6345,Moto,Hover,T4A/Turbine,T4A/Type7,T2A/Type2,T2B/Type1,T2A/Type4,T1A/Type1,T2B/Type5,T3A/Type6,T3A/Type6,None,Quad,Saint,0,ZZ-956,N4MPSQZCAKFD4
wilder.moto.test.test,160,wilder.moto.test.test.160,No link specified,No link specified,Test render to test the infrustructure,6346,Moto,Hover,T4A/Turbine,T4A/Type7,None/Type1,T2B/Type1,T1C/Type3,T1A/Type1,T2B/Type5,T2B/Type5,T3A/Type6,None,Wonder,Franklin,3,ZZ-506,ZZKE3U8MY06R9
wilder.moto.test.test,161,wilder.moto.test.test.161,No link specified,No link specified,Test render to test the infrustructure,6347,Moto,Hover,T4A/Turbine,T4A/Type7,None/Type1,T2B/Type1,T1B/Type2,T1A/Type1,T2B/Type5,T2B/Type5,T3A/Type6,None,Nested,Strange,0,ZZ-875,G4GJHCRM1CD2N
wilder.moto.test.test,162,wilder.moto.test.test.162,No link specified,No link specified,Test render to test the infrustructure,6348,Moto,Hover,T4A/Turbine,T4A/Type7,None/Type1,T2B/Type1,T1C/Type3,T2A/Type3,T1A/Type1,T3A/Type6,T3A/Type6,None,Spaced Out,NPC,2,MM-422,RVKJVWT0ELJKF
wilder.moto.test.test,163,wilder.moto.test.test.163,No link specified,No link specified,Test render to test the infrustructure,6349,Moto,Hover,T4A/Turbine,T4A/Type7,None/Type1,T2B/Type1,T2B/Type5,T1A/Type1,T2A/Type4,T3A/Type6,T3A/Type6,None,Spaced Out,Saint,1,ZZ-983,VYXT1XKE93PLN
wilder.moto.test.test,164,wilder.moto.test.test.164,No link specified,No link specified,Test render to test the infrustructure,6350,Moto,Hover,T4A/Turbine,T4A/Type7,None/Type1,T2B/Type1,T1B/Type2,T1A/Type1,T2B/Type5,T2B/Type5,T3A/Type6,None,Spaced Out,NPC,1,MM-676,FLZY8NN18KKSV
wilder.moto.test.test,165,wilder.moto.test.test.165,No link specified,No link specified,Test render to test the infrustructure,6351,Moto,Hover,T4A/Turbine,T4A/Type7,None/Type1,T2B/Type1,T2A/Type4,T1A/Type1,T2B/Type5,T3A/Type6,T2B/Type5,None,Nested,Houdini,1,MT-488,SCMWMK8DVUVQB
wilder.moto.test.test,166,wilder.moto.test.test.166,No link specified,No link specified,Test render to test the infrustructure,6352,Moto,Hover,T4A/Turbine,T4A/Type7,None/Type1,T2B/Type1,T1B/Type2,T1A/Type1,T2A/Type4,T2B/Type5,T3A/Type6,None,Spaced Out,Flo,1,MT-800,FXQK5HSVF13J2
wilder.moto.test.test,167,wilder.moto.test.test.167,No link specified,No link specified,Test render to test the infrustructure,6353,Moto,Hover,T4A/Turbine,T4A/Type7,None/Type1,T2B/Type1,T2B/Type5,T1A/Type1,T2B/Type5,T3A/Type6,T2B/Type5,None,Spaced Out,Heavy,3,ZZ-666,2A1DOMC84WYCO
wilder.moto.test.test,168,wilder.moto.test.test.168,No link specified,No link specified,Test render to test the infrustructure,6354,Moto,Hover,T4A/Turbine,T4A/Type7,T2A/Type2,T2B/Type1,T2A/Type4,T1A/Type1,T2A/Type4,T3A/Type6,T3A/Type6,None,Spaced Out,Boss,2,MT-867,WE9HMA9UETFU4
wilder.moto.test.test,169,wilder.moto.test.test.169,No link specified,No link specified,Test render to test the infrustructure,6355,Moto,Hover,T4A/Turbine,T4A/Type7,None/Type1,T2B/Type1,T1B/Type2,T1A/Type1,T2B/Type5,T3A/Type6,T2B/Type5,None,Quad,Heavy,3,VR-495,H4Q7YK2YMP861
wilder.moto.test.test,170,wilder.moto.test.test.170,No link specified,No link specified,Test render to test the infrustructure,6356,Moto,Hover,T4A/Turbine,T4A/Type7,None/Type1,T2B/Type1,T1B/Type2,T1A/Type1,T2A/Type4,T3A/Type6,T3A/Type6,Side Cart,Nested,Freedom,3,WW-961,YHA8EM1F0Y4GT
wilder.moto.test.test,171,wilder.moto.test.test.171,No link specified,No link specified,Test render to test the infrustructure,6357,Moto,Hover,T4A/Turbine,T4A/Type7,None/Type1,T2B/Type1,T1C/Type3,T1A/Type1,T2A/Type4,T2B/Type5,T3A/Type6,Side Cart,Quad,Houdini,3,WM-264,D89CNAG7A05XI
wilder.moto.test.test,172,wilder.moto.test.test.172,No link specified,No link specified,Test render to test the infrustructure,6358,Moto,Hover,T4A/Turbine,T4A/Type7,None/Type1,T2A/Type2,T1C/Type3,T1A/Type1,T2B/Type5,T2A/Type4,T2B/Type5,Side Cart,Quad,Boss,1,MM-467,V43POMEKXU21D
wilder.moto.test.test,173,wilder.moto.test.test.173,No link specified,No link specified,Test render to test the infrustructure,6359,Moto,Hover,T4A/Turbine,T4A/Type7,None/Type1,T2B/Type1,T2A/Type4,T1A/Type1,T2A/Type4,T2B/Type5,T3A/Type6,Side Cart,XO,Houdini,0,WM-384,AM48ZJUQQ77XP
wilder.moto.test.test,174,wilder.moto.test.test.174,No link specified,No link specified,Test render to test the infrustructure,6360,Moto,Hover,T4A/Turbine,T4A/Type7,T2A/Type2,T2B/Type1,T1C/Type3,T1A/Type1,T2B/Type5,T3A/Type6,T2A/Type4,Side Cart,XO,Saint,0,MT-101,ZX184XLSNCS7S
wilder.moto.test.test,175,wilder.moto.test.test.175,No link specified,No link specified,Test render to test the infrustructure,6361,Moto,Hover,T4A/Turbine,T4A/Type7,None/Type1,T2B/Type1,T1B/Type2,T1A/Type1,T2A/Type4,T3A/Type6,T2B/Type5,Side Cart,Nested,Houdini,1,WW-569,LBWFHTHGN155Z
wilder.moto.test.test,176,wilder.moto.test.test.176,No link specified,No link specified,Test render to test the infrustructure,6362,Moto,Hover,T4A/Turbine,T4A/Type7,None/Type1,T2B/Type1,T2B/Type5,T1A/Type1,T2B/Type5,T3A/Type6,T2B/Type5,Side Cart,Quad,Strange,0,TT-916,V6BTJ54ZTDCVV
wilder.moto.test.test,177,wilder.moto.test.test.177,No link specified,No link specified,Test render to test the infrustructure,6363,Moto,Hover,T4A/Turbine,T4A/Type7,None/Type1,T2B/Type1,T1B/Type2,T1A/Type1,T2B/Type5,T3B/Type7,T2A/Type4,None,Nested,Heavy,1,ZZ-319,Q5MVIWIG0WWF1
wilder.moto.test.test,178,wilder.moto.test.test.178,No link specified,No link specified,Test render to test the infrustructure,6364,Moto,Hover,T4A/Turbine,T4A/Type7,T2A/Type2,T2B/Type1,T1B/Type2,T2A/Type3,T1A/Type1,T3B/Type7,T2A/Type4,None,Quad,Heavy,0,MM-926,ZOWWQ1NMGUNLL
wilder.moto.test.test,179,wilder.moto.test.test.179,No link specified,No link specified,Test render to test the infrustructure,6365,Moto,Hover,T4A/Turbine,T4A/Type7,None/Type1,T2B/Type1,T1B/Type2,T1A/Type1,T2A/Type4,T2B/Type5,T2B/Type5,None,Spaced Out,Oasis,3,WW-660,1HOFGT7YWX261
wilder.moto.test.test,180,wilder.moto.test.test.180,No link specified,No link specified,Test render to test the infrustructure,6366,Moto,Hover,T4A/Turbine,T4A/Type7,None/Type1,T2B/Type1,T2A/Type4,T1A/Type1,T2B/Type5,T3A/Type6,T2A/Type4,None,Nested,Heavy,1,VR-250,R0LUSH9BAZFMI
wilder.moto.test.test,181,wilder.moto.test.test.181,No link specified,No link specified,Test render to test the infrustructure,6367,Moto,Hover,T4A/Turbine,T4A/Type7,None/Type1,T2B/Type1,T1B/Type2,T1A/Type1,T2A/Type4,T2B/Type5,T3A/Type6,None,Nested,Strange,3,MM-500,8Q92OUD5Y7K02
wilder.moto.test.test,182,wilder.moto.test.test.182,No link specified,No link specified,Test render to test the infrustructure,6368,Moto,Hover,T4A/Turbine,T4A/Type7,T2A/Type2,T2B/Type1,T1C/Type3,T1A/Type1,T2A/Type4,T3A/Type6,T2B/Type5,None,Quad,Freedom,1,ZS-184,EXLEEH0JMTM4J
wilder.moto.test.test,183,wilder.moto.test.test.183,No link specified,No link specified,Test render to test the infrustructure,6369,Moto,Hover,T4A/Turbine,T4A/Type7,None/Type1,T2B/Type1,T1C/Type3,T1A/Type1,T2A/Type4,T2B/Type5,T3A/Type6,None,XO,Franklin,2,WW-202,9M2J3A0ER40SP
wilder.moto.test.test,184,wilder.moto.test.test.184,No link specified,No link specified,Test render to test the infrustructure,6370,Moto,Hover,T4A/Turbine,T4A/Type7,None/Type1,T2B/Type1,T2A/Type4,T1A/Type1,T2B/Type5,T2A/Type4,T2B/Type5,None,Quad,Freedom,2,ZS-627,R0QEFYHFOUSBL
wilder.moto.test.test,185,wilder.moto.test.test.185,No link specified,No link specified,Test render to test the infrustructure,6371,Moto,Hover,T4A/Turbine,T4A/Type7,None/Type1,T2B/Type1,T1C/Type3,T1A/Type1,T2A/Type4,T2A/Type4,T2B/Type5,None,Static,Strange,3,MT-209,FPXYXSHLD1JBR
wilder.moto.test.test,186,wilder.moto.test.test.186,No link specified,No link specified,Test render to test the infrustructure,6372,Moto,Hover,T4A/Turbine,T4A/Type7,None/Type1,T2B/Type1,T2B/Type5,T1A/Type1,T2A/Type4,T2B/Type5,T2B/Type5,None,Nested,Franklin,0,ZS-611,CF6AUI0KBVXOX
wilder.moto.test.test,187,wilder.moto.test.test.187,No link specified,No link specified,Test render to test the infrustructure,6373,Moto,Hover,T4A/Turbine,T4A/Type7,None/Type1,T2B/Type1,T1C/Type3,T1A/Type1,T2B/Type5,T2A/Type4,T3A/Type6,None,Nested,Boss,3,ZS-763,I5ZMY6A6DXHY0
wilder.moto.test.test,188,wilder.moto.test.test.188,No link specified,No link specified,Test render to test the infrustructure,6374,Moto,Hover,T4A/Turbine,T4A/Type7,None/Type1,T2B/Type1,T1B/Type2,T1A/Type1,T2B/Type5,T2B/Type5,T2B/Type5,None,XO,Freedom,1,WW-142,9TMSW70U8D97N
wilder.moto.test.test,189,wilder.moto.test.test.189,No link specified,No link specified,Test render to test the infrustructure,6375,Moto,Hover,T4A/Turbine,T4A/Type7,None/Type1,T2B/Type1,T2A/Type4,T1A/Type1,T2A/Type4,T2B/Type5,T3A/Type6,None,Nested,Houdini,0,WW-238,V7G1CEX19XJVM
wilder.moto.test.test,190,wilder.moto.test.test.190,No link specified,No link specified,Test render to test the infrustructure,6376,Moto,Hover,T4A/Turbine,T4A/Type7,None/Type1,T2B/Type1,T1B/Type2,T1A/Type1,T2B/Type5,T2B/Type5,T2A/Type4,None,Quad,Houdini,0,ZZ-912,SNYYXTLMH6DFT
wilder.moto.test.test,191,wilder.moto.test.test.191,No link specified,No link specified,Test render to test the infrustructure,6377,Moto,Hover,T4A/Turbine,T4A/Type7,T2A/Type2,T2B/Type1,T1B/Type2,T1A/Type1,T2B/Type5,T3A/Type6,T2A/Type4,None,Quad,Freedom,1,WW-729,8F31JPDNGLPBD
wilder.moto.test.test,192,wilder.moto.test.test.192,No link specified,No link specified,Test render to test the infrustructure,6378,Moto,Hover,T4A/Turbine,T4A/Type7,None/Type1,T2B/Type1,T1B/Type2,T1A/Type1,T2A/Type4,T2B/Type5,T3A/Type6,None,Spaced Out,Strange,0,WM-737,LMEZW7UZG3A6L
wilder.moto.test.test,193,wilder.moto.test.test.193,No link specified,No link specified,Test render to test the infrustructure,6379,Moto,Hover,T4A/Turbine,T4A/Type7,None/Type1,T2A/Type2,T2A/Type4,T1A/Type1,T1A/Type1,T2B/Type5,T2A/Type4,None,XO,Saint,2,WW-327,H1RWBDHJRLS8H
wilder.moto.test.test,194,wilder.moto.test.test.194,No link specified,No link specified,Test render to test the infrustructure,6380,Moto,Hover,T4A/Turbine,T4A/Type7,T2A/Type2,T2B/Type1,T2B/Type5,T1A/Type1,T2A/Type4,T3A/Type6,T2A/Type4,None,WILD,Wilderness,2,MM-303,WQHV7DL6N8IYU
wilder.moto.test.test,195,wilder.moto.test.test.195,No link specified,No link specified,Test render to test the infrustructure,6381,Moto,Hover,T4A/Turbine,T4A/Type7,None/Type1,T2B/Type1,T2A/Type4,T2A/Type3,T1A/Type1,T2A/Type4,T2B/Type5,None,Quad,Boss,0,MT-930,3Q2I8R9TPSF00
wilder.moto.test.test,196,wilder.moto.test.test.196,No link specified,No link specified,Test render to test the infrustructure,6382,Moto,Hover,T4A/Turbine,T4A/Type7,None/Type1,T2B/Type1,T1B/Type2,T1A/Type1,T2A/Type4,T2B/Type5,T2B/Type5,None,Quad,Heavy,3,MM-766,EC2P828MGHYZJ
wilder.moto.test.test,197,wilder.moto.test.test.197,No link specified,No link specified,Test render to test the infrustructure,6383,Moto,Hover,T4A/Turbine,T4A/Type7,None/Type1,T2B/Type1,T2B/Type5,T1A/Type1,T2B/Type5,T2B/Type5,T2A/Type4,None,Quad,Heavy,0,VR-668,QCGDPFLCJZU32
wilder.moto.test.test,198,wilder.moto.test.test.198,No link specified,No link specified,Test render to test the infrustructure,6384,Moto,Hover,T4A/Turbine,T4A/Type7,None/Type1,T2B/Type1,T2B/Type5,T1A/Type1,T2A/Type4,T2A/Type4,T3A/Type6,None,Quad,Houdini,0,MT-375,8TM0AME17SBDV
wilder.moto.test.test,199,wilder.moto.test.test.199,No link specified,No link specified,Test render to test the infrustructure,6385,Moto,Hover,T4A/Turbine,T4A/Type7,None/Type1,T2B/Type1,T2A/Type4,T1A/Type1,T2A/Type4,T3A/Type6,T2A/Type4,None,Spaced Out,Flo,1,WM-817,6X224E476TR22
wilder.moto.test.test,200,wilder.moto.test.test.200,No link specified,No link specified,Test render to test the infrustructure,6386,Moto,Hover,T4A/Turbine,T4A/Type7,T2A/Type2,T2B/Type1,T2A/Type4,T1A/Type1,T2A/Type4,T3A/Type6,T1C/Type3,None,WILD,Oasis,2,MM-938,SBGJ9LJUH1OX5
